ID,Description,setSize,enrichmentScore,NES,pvalue,p.adjust,qvalue,rank,leading_edge,core_enrichment
GO:0051607,defense response to virus,46,-0.777576612,-2.976016147,1.00E-10,3.03E-08,2.82E-08,103,"tags=67%, list=14%, signal=62%",ZNFX1/HSP90AA1/ADAR/IFITM2/ZC3HAV1/ZBP1/USP18/APOBEC3A/TNFAIP3/OASL/EIF2AK2/TRIM22/IFITM3/HERC5/BCL2/CXCL10/IFI44L/STAT1/GBP5/GBP1/IFIT2/IFIT3/RSAD2/MX1/IFI6/IFIT1/IFI27/DEFA3/ISG15/ISG20/IFITM1
GO:0009615,response to virus,63,-0.712943182,-2.846008163,1.00E-10,3.03E-08,2.82E-08,103,"tags=56%, list=14%, signal=52%",ZNFX1/NMI/HSP90AA1/ADAR/IFITM2/ZC3HAV1/CALR/ZBP1/USP18/APOBEC3A/TNFAIP3/OASL/CCL5/CXCR4/EIF2AK2/TRIM22/IFITM3/HERC5/BCL2/CXCL10/IFI44L/STAT1/GBP5/GBP1/IFIT2/IFIT3/RSAD2/MX1/IFI6/IFIT1/IFI27/DEFA3/ISG15/ISG20/IFITM1
GO:0006955,immune response,196,-0.538233512,-2.46787066,1.00E-10,3.03E-08,2.82E-08,115,"tags=34%, list=15%, signal=39%",YWHAZ/ERAP2/HMGB2/S100A9/S100A8/ZNFX1/NMI/HSP90AA1/CBLB/DOCK10/ADAR/IFITM2/ZC3HAV1/B2M/ZBP1/THBS1/USP18/APOBEC3A/SAMSN1/TNFAIP3/OASL/CCL5/CXCR4/HSPA8/CD7/EIF2AK2/TRIM22/SERPING1/IFITM3/HERC5/BCL2/IL1R2/CXCL10/IFI44L/STAT1/LTB/GBP5/GBP1/CD3E/IFIT2/IFIT3/NKG7/IGHV3-11/RSAD2/MX1/IFI6/IL32/IFIT1/JCHAIN/IGKV1-9/GNLY/IL7R/IFI27/DEFA3/ISG15/IGLV10-54/IGHV3-23/ISG20/IGHV7-4-1/IGLV1-44/IGLV2-18/IGKV5-2/IGKV3-15/IFITM1/IGKC/IGHV1-18/IGKV1-5
GO:0002376,immune system process,243,-0.492468909,-2.266824467,1.00E-10,3.03E-08,2.82E-08,115,"tags=30%, list=15%, signal=38%",YWHAZ/ERAP2/CHMP5/HMGB2/S100A9/S100A8/ZNFX1/NMI/HSP90AA1/CBLB/DOCK10/RNF213/ADAR/IFITM2/ZC3HAV1/B2M/CALR/RIPOR2/ZBP1/THBS1/USP18/APOBEC3A/SAMSN1/TNFAIP3/OASL/CCL5/CXCR4/CCND3/HSPA8/CD7/EIF2AK2/TRIM22/SERPING1/IFITM3/HERC5/BCL2/IL1R2/CXCL10/IFI44L/STAT1/LTB/GBP5/GBP1/CD3E/IFIT2/IFIT3/NKG7/IGHV3-11/RSAD2/MX1/IFI6/IL32/IFIT1/ZBTB16/JCHAIN/IGKV1-9/GNLY/IL7R/IFI27/DEFA3/ISG15/IGLV10-54/IGHV3-23/ISG20/IGHV7-4-1/IGLV1-44/IGLV2-18/IGKV5-2/IGKV3-15/IFITM1/IGKC/IGHV1-18/IGKV1-5
GO:0019079,viral genome replication,27,-0.769185456,-2.648741387,2.49E-09,4.30E-07,4.00E-07,103,"tags=70%, list=14%, signal=63%",ZNFX1/RESF1/ADAR/IFITM2/ZC3HAV1/APOBEC3A/OASL/CCL5/HSPA8/EIF2AK2/IFITM3/BCL2/RSAD2/MX1/IFIT1/IFI27/ISG15/ISG20/IFITM1
GO:0045069,regulation of viral genome replication,22,-0.80444894,-2.610962875,2.25E-09,4.30E-07,4.00E-07,103,"tags=77%, list=14%, signal=69%",ZNFX1/RESF1/ADAR/IFITM2/ZC3HAV1/APOBEC3A/OASL/CCL5/EIF2AK2/IFITM3/BCL2/RSAD2/MX1/IFIT1/ISG15/ISG20/IFITM1
GO:0045071,negative regulation of viral genome replication,18,-0.832683369,-2.573650557,1.83E-09,4.30E-07,4.00E-07,103,"tags=83%, list=14%, signal=74%",ZNFX1/RESF1/IFITM2/ZC3HAV1/APOBEC3A/OASL/CCL5/EIF2AK2/IFITM3/RSAD2/MX1/IFIT1/ISG15/ISG20/IFITM1
GO:0098542,defense response to other organism,127,-0.517315727,-2.282190064,1.03E-08,1.56E-06,1.45E-06,115,"tags=36%, list=15%, signal=37%",YWHAZ/HMGB2/S100A9/S100A8/ZNFX1/NMI/HSP90AA1/RNF213/ADAR/IFITM2/ZC3HAV1/B2M/ZBP1/USP18/APOBEC3A/TNFAIP3/OASL/CCL5/HSPA8/EIF2AK2/TRIM22/SERPING1/IFITM3/HERC5/BCL2/CXCL10/IFI44L/STAT1/PLAC8/GBP5/GBP1/IFIT2/IFIT3/NKG7/RSAD2/MX1/IFI6/IFIT1/JCHAIN/GNLY/IL7R/IFI27/DEFA3/ISG15/ISG20/IFITM1
GO:0002495,antigen processing and presentation of peptide antigen via MHC class II,13,0.809360547,2.957465123,1.69E-08,2.05E-06,1.91E-06,82,"tags=85%, list=11%, signal=77%",HLA-DPB1/HLA-DRB1/HLA-DRA/HLA-DPA1/HLA-DQA1/HLA-DQB1/CD74/HLA-DRB5/HLA-DMA/HLA-DMB/CTSS
GO:0019886,antigen processing and presentation of exogenous peptide antigen via MHC class II,13,0.809360547,2.957465123,1.69E-08,2.05E-06,1.91E-06,82,"tags=85%, list=11%, signal=77%",HLA-DPB1/HLA-DRB1/HLA-DRA/HLA-DPA1/HLA-DQA1/HLA-DQB1/CD74/HLA-DRB5/HLA-DMA/HLA-DMB/CTSS
GO:0140546,defense response to symbiont,119,-0.515500621,-2.253354704,2.72E-08,2.75E-06,2.56E-06,115,"tags=36%, list=15%, signal=36%",YWHAZ/HMGB2/S100A9/S100A8/ZNFX1/NMI/HSP90AA1/ADAR/IFITM2/ZC3HAV1/B2M/ZBP1/USP18/APOBEC3A/TNFAIP3/OASL/CCL5/HSPA8/EIF2AK2/TRIM22/SERPING1/IFITM3/HERC5/BCL2/CXCL10/IFI44L/STAT1/GBP5/GBP1/IFIT2/IFIT3/NKG7/RSAD2/MX1/IFI6/IFIT1/JCHAIN/GNLY/IFI27/DEFA3/ISG15/ISG20/IFITM1
GO:0044419,biological process involved in interspecies interaction between organisms,163,-0.47808156,-2.146300027,2.66E-08,2.75E-06,2.56E-06,120,"tags=34%, list=16%, signal=36%",STAT2/SAP30/YWHAZ/CHMP5/HMGB2/S100A9/S100A8/ZNFX1/NMI/HSP90AA1/RNF213/ADAR/IFITM2/ZC3HAV1/B2M/HSP90AB1/CALR/ZBP1/HERC6/USP18/APOBEC3A/TNFAIP3/LY6E/OASL/CCL5/CXCR4/HSPA8/EIF2AK2/TRIM22/SERPING1/IFITM3/HERC5/BCL2/CXCL10/IFI44L/STAT1/PLAC8/GBP5/GBP1/IFIT2/IFIT3/NKG7/RSAD2/MX1/IFI6/IFIT1/JCHAIN/GNLY/IL7R/IFI27/DEFA3/FKBP5/ISG15/ISG20/IFITM1
GO:0051707,response to other organism,154,-0.481196001,-2.150383307,3.09E-08,2.88E-06,2.68E-06,115,"tags=33%, list=15%, signal=35%",YWHAZ/CHMP5/HMGB2/S100A9/S100A8/ZNFX1/NMI/HSP90AA1/RNF213/ADAR/IFITM2/ZC3HAV1/B2M/CALR/ZBP1/HERC6/USP18/APOBEC3A/TNFAIP3/OASL/CCL5/CXCR4/HSPA8/EIF2AK2/TRIM22/SERPING1/IFITM3/HERC5/BCL2/CXCL10/IFI44L/STAT1/PLAC8/GBP5/GBP1/IFIT2/IFIT3/NKG7/RSAD2/MX1/IFI6/IFIT1/JCHAIN/GNLY/IL7R/IFI27/DEFA3/FKBP5/ISG15/ISG20/IFITM1
GO:0048525,negative regulation of viral process,25,-0.761055954,-2.576242979,4.46E-08,3.49E-06,3.25E-06,103,"tags=72%, list=14%, signal=64%",ZNFX1/RESF1/IFITM2/ZC3HAV1/APOBEC3A/LY6E/OASL/CCL5/EIF2AK2/IFITM3/STAT1/RSAD2/MX1/IL32/IFIT1/ISG15/ISG20/IFITM1
GO:0009607,response to biotic stimulus,159,-0.483413747,-2.160656834,4.55E-08,3.49E-06,3.25E-06,115,"tags=33%, list=15%, signal=36%",YWHAZ/CHMP5/HMGB2/S100A9/S100A8/ZNFX1/NMI/HSP90AA1/HSPA5/RNF213/ADAR/IFITM2/ZC3HAV1/B2M/TXNIP/CALR/ZBP1/HERC6/USP18/APOBEC3A/TNFAIP3/OASL/CCL5/CXCR4/HSPA8/EIF2AK2/TRIM22/SERPING1/IFITM3/HERC5/BCL2/CXCL10/IFI44L/STAT1/PLAC8/GBP5/GBP1/IFIT2/IFIT3/NKG7/RSAD2/MX1/IFI6/IFIT1/JCHAIN/GNLY/IL7R/IFI27/DEFA3/FKBP5/ISG15/ISG20/IFITM1
GO:0043207,response to external biotic stimulus,155,-0.479005788,-2.137754136,4.61E-08,3.49E-06,3.25E-06,115,"tags=33%, list=15%, signal=35%",YWHAZ/CHMP5/HMGB2/S100A9/S100A8/ZNFX1/NMI/HSP90AA1/RNF213/ADAR/IFITM2/ZC3HAV1/B2M/CALR/ZBP1/HERC6/USP18/APOBEC3A/TNFAIP3/OASL/CCL5/CXCR4/HSPA8/EIF2AK2/TRIM22/SERPING1/IFITM3/HERC5/BCL2/CXCL10/IFI44L/STAT1/PLAC8/GBP5/GBP1/IFIT2/IFIT3/NKG7/RSAD2/MX1/IFI6/IFIT1/JCHAIN/GNLY/IL7R/IFI27/DEFA3/FKBP5/ISG15/ISG20/IFITM1
GO:0002399,MHC class II protein complex assembly,10,0.844163062,2.695209946,9.30E-08,6.26E-06,5.82E-06,66,"tags=90%, list=9%, signal=83%",HLA-DPB1/HLA-DRB1/HLA-DRA/HLA-DPA1/HLA-DQA1/HLA-DQB1/HLA-DRB5/HLA-DMA/HLA-DMB
GO:0002503,peptide antigen assembly with MHC class II protein complex,10,0.844163062,2.695209946,9.30E-08,6.26E-06,5.82E-06,66,"tags=90%, list=9%, signal=83%",HLA-DPB1/HLA-DRB1/HLA-DRA/HLA-DPA1/HLA-DQA1/HLA-DQB1/HLA-DRB5/HLA-DMA/HLA-DMB
GO:0002478,antigen processing and presentation of exogenous peptide antigen,16,0.72875123,2.92705617,1.17E-07,7.43E-06,6.92E-06,82,"tags=69%, list=11%, signal=63%",HLA-DPB1/HLA-DRB1/HLA-DRA/HLA-DPA1/HLA-DQA1/HLA-DQB1/CD74/HLA-DRB5/HLA-DMA/HLA-DMB/CTSS
GO:0050792,regulation of viral process,35,-0.691798018,-2.52563028,1.87E-07,1.13E-05,1.05E-05,103,"tags=63%, list=14%, signal=57%",ZNFX1/RESF1/ADAR/IFITM2/ZC3HAV1/APOBEC3A/LY6E/OASL/CCL5/CXCR4/EIF2AK2/TRIM22/IFITM3/BCL2/STAT1/RSAD2/MX1/IL32/IFIT1/ISG15/ISG20/IFITM1
GO:0019884,antigen processing and presentation of exogenous antigen,17,0.701198169,2.855356242,1.96E-07,1.13E-05,1.05E-05,82,"tags=65%, list=11%, signal=59%",HLA-DPB1/HLA-DRB1/HLA-DRA/HLA-DPA1/HLA-DQA1/HLA-DQB1/CD74/HLA-DRB5/HLA-DMA/HLA-DMB/CTSS
GO:0019058,viral life cycle,44,-0.645508697,-2.471671315,2.95E-07,1.55E-05,1.44E-05,112,"tags=57%, list=15%, signal=51%",CHMP5/ZNFX1/RESF1/ADAR/IFITM2/ZC3HAV1/HSP90AB1/APOBEC3A/LY6E/OASL/CCL5/CXCR4/HSPA8/EIF2AK2/TRIM22/IFITM3/BCL2/RSAD2/MX1/IL32/IFIT1/IFI27/ISG15/ISG20/IFITM1
GO:0034340,response to type I interferon,18,-0.785450099,-2.427662376,3.02E-07,1.55E-05,1.44E-05,88,"tags=67%, list=12%, signal=60%",ADAR/IFITM2/ZBP1/USP18/OASL/IFITM3/STAT1/MX1/IFIT1/IFI27/ISG15/IFITM1
GO:0045087,innate immune response,111,-0.50574691,-2.19232819,3.07E-07,1.55E-05,1.44E-05,115,"tags=37%, list=15%, signal=37%",STAT2/YWHAZ/HMGB2/S100A9/S100A8/ZNFX1/NMI/HSP90AA1/ADAR/IFITM2/ZC3HAV1/B2M/ZBP1/USP18/APOBEC3A/TNFAIP3/OASL/CCL5/HSPA8/EIF2AK2/TRIM22/SERPING1/IFITM3/HERC5/CXCL10/STAT1/GBP5/GBP1/IFIT2/IFIT3/NKG7/RSAD2/MX1/IFI6/IFIT1/JCHAIN/IFI27/DEFA3/ISG15/ISG20/IFITM1
GO:0002504,antigen processing and presentation of peptide or polysaccharide antigen via MHC class II,14,0.742531199,2.839404071,3.68E-07,1.78E-05,1.66E-05,82,"tags=79%, list=11%, signal=71%",HLA-DPB1/HLA-DRB1/HLA-DRA/HLA-DPA1/HLA-DQA1/HLA-DQB1/CD74/HLA-DRB5/HLA-DMA/HLA-DMB/CTSS
GO:0002250,adaptive immune response,64,-0.585177915,-2.342077676,3.91E-07,1.82E-05,1.70E-05,67,"tags=33%, list=9%, signal=33%",SAMSN1/TNFAIP3/HSPA8/CD7/SERPING1/CD3E/IGHV3-11/RSAD2/JCHAIN/IGKV1-9/IL7R/IGLV10-54/IGHV3-23/IGHV7-4-1/IGLV1-44/IGLV2-18/IGKV5-2/IGKV3-15/IGKC/IGHV1-18/IGKV1-5
GO:1903900,regulation of viral life cycle,31,-0.696929889,-2.4694752,5.74E-07,2.58E-05,2.40E-05,103,"tags=65%, list=14%, signal=58%",ZNFX1/RESF1/ADAR/IFITM2/ZC3HAV1/APOBEC3A/LY6E/OASL/CCL5/EIF2AK2/TRIM22/IFITM3/BCL2/RSAD2/MX1/IL32/IFIT1/ISG15/ISG20/IFITM1
GO:0006952,defense response,177,-0.441567704,-2.007879184,8.58E-07,3.72E-05,3.46E-05,89,"tags=29%, list=12%, signal=34%",HMGB2/S100A9/S100A8/ZNFX1/NMI/HSP90AA1/RNF213/ADAR/IFITM2/ZC3HAV1/B2M/PER1/TXNIP/ZBP1/CD163/THBS1/USP18/APOBEC3A/TNFAIP3/OASL/CCL5/CXCR4/HSPA8/EIF2AK2/TRIM22/SERPING1/IFITM3/HERC5/BCL2/IL1R2/CXCL10/IFI44L/STAT1/PLAC8/GBP5/GBP1/IFIT2/IFIT3/NKG7/RSAD2/MX1/IFI6/IL32/IFIT1/JCHAIN/GNLY/IL7R/IFI27/DEFA3/ISG15/ISG20/IFITM1
GO:0016032,viral process,54,-0.591482247,-2.315617011,1.23E-06,5.13E-05,4.77E-05,103,"tags=48%, list=14%, signal=45%",CHMP5/ZNFX1/RESF1/ADAR/IFITM2/ZC3HAV1/HSP90AB1/APOBEC3A/LY6E/OASL/CCL5/CXCR4/HSPA8/EIF2AK2/TRIM22/IFITM3/BCL2/STAT1/RSAD2/MX1/IL32/IFIT1/IFI27/ISG15/ISG20/IFITM1
GO:0050896,response to stimulus,448,-0.36652254,-1.684265251,1.65E-06,6.67E-05,6.21E-05,116,"tags=21%, list=16%, signal=44%",TAGAP/YWHAZ/CLEC2D/ERAP2/CHMP5/HMGB2/S100A9/RASA2/S100A8/ARHGEF3/ZNFX1/NMI/HSP90B1/ARHGAP15/HSP90AA1/HSPA5/CBLB/DOCK10/RNF213/ADAR/PDE3B/IFITM2/ZC3HAV1/B2M/HSP90AB1/PER1/TXNIP/CALR/RIPOR2/ZBP1/HERC6/CD163/THBS1/USP18/APOBEC3A/SAMSN1/TNFAIP3/MYL12A/LY6E/OASL/CCL5/CXCR4/CCND3/SMCHD1/HSPA8/CD7/EIF2AK2/TRIM22/SERPING1/IFITM3/HERC5/ACSL1/BCL2/MT2A/IL1R2/CXCL10/IFI44L/STAT1/LTB/PLAC8/GBP5/GBP1/CD3E/IFIT2/IFIT3/NKG7/IGHV3-11/RSAD2/MX1/IFI6/IL32/IFIT1/JCHAIN/IGKV1-9/GNLY/IL7R/IFI27/DEFA3/FKBP5/ISG15/IGLV10-54/IGHV3-23/ISG20/IGHV7-4-1/IGLV1-44/IGLV2-18/IGKV5-2/IGKV3-15/IFITM1/IGKC/IGHV1-18/IGKV1-5
GO:0140374,antiviral innate immune response,11,-0.841407441,-2.257980125,2.02E-06,7.91E-05,7.36E-05,74,"tags=82%, list=10%, signal=75%",ZBP1/USP18/OASL/EIF2AK2/CXCL10/IFIT2/IFIT3/MX1/IFIT1
GO:0071357,cellular response to type I interferon,17,-0.773755791,-2.387958912,2.28E-06,8.65E-05,8.05E-05,88,"tags=65%, list=12%, signal=58%",ADAR/IFITM2/ZBP1/USP18/OASL/IFITM3/STAT1/IFIT1/IFI27/ISG15/IFITM1
GO:0009605,response to external stimulus,195,-0.41845449,-1.916788706,4.18E-06,0.000153675,0.000142944,115,"tags=28%, list=15%, signal=32%",YWHAZ/CHMP5/HMGB2/S100A9/S100A8/ZNFX1/NMI/HSP90AA1/RNF213/ADAR/IFITM2/ZC3HAV1/B2M/PER1/TXNIP/CALR/RIPOR2/ZBP1/HERC6/THBS1/USP18/APOBEC3A/TNFAIP3/OASL/CCL5/CXCR4/HSPA8/EIF2AK2/TRIM22/SERPING1/IFITM3/HERC5/BCL2/CXCL10/IFI44L/STAT1/PLAC8/GBP5/GBP1/IFIT2/IFIT3/NKG7/RSAD2/MX1/IFI6/IFIT1/JCHAIN/GNLY/IL7R/IFI27/DEFA3/FKBP5/ISG15/ISG20/IFITM1
GO:0002396,MHC protein complex assembly,13,0.711622012,2.600321068,5.48E-06,0.000189929,0.000176667,66,"tags=69%, list=9%, signal=64%",HLA-DPB1/HLA-DRB1/HLA-DRA/HLA-DPA1/HLA-DQA1/HLA-DQB1/HLA-DRB5/HLA-DMA/HLA-DMB
GO:0002501,peptide antigen assembly with MHC protein complex,13,0.711622012,2.600321068,5.48E-06,0.000189929,0.000176667,66,"tags=69%, list=9%, signal=64%",HLA-DPB1/HLA-DRB1/HLA-DRA/HLA-DPA1/HLA-DQA1/HLA-DQB1/HLA-DRB5/HLA-DMA/HLA-DMB
GO:0048002,antigen processing and presentation of peptide antigen,20,0.605682129,2.630826524,1.04E-05,0.000350781,0.000326286,82,"tags=55%, list=11%, signal=50%",HLA-DPB1/HLA-DRB1/HLA-DRA/HLA-DPA1/HLA-DQA1/HLA-DQB1/CD74/HLA-DRB5/HLA-DMA/HLA-DMB/CTSS
GO:0060337,type I interferon-mediated signaling pathway,16,-0.758924709,-2.297067747,2.56E-05,0.000838916,0.000780337,88,"tags=62%, list=12%, signal=56%",ADAR/IFITM2/ZBP1/USP18/OASL/IFITM3/STAT1/IFI27/ISG15/IFITM1
GO:0140888,interferon-mediated signaling pathway,18,-0.712535621,-2.202298936,3.72E-05,0.001186645,0.001103784,88,"tags=56%, list=12%, signal=50%",ADAR/IFITM2/ZBP1/USP18/OASL/IFITM3/STAT1/IFI27/ISG15/IFITM1
GO:0031640,killing of cells of another organism,10,-0.815503862,-2.14220733,5.74E-05,0.001696521,0.001578056,41,"tags=60%, list=6%, signal=57%",CXCL10/GBP5/GBP1/NKG7/GNLY/DEFA3
GO:0141060,disruption of anatomical structure in another organism,10,-0.815503862,-2.14220733,5.74E-05,0.001696521,0.001578056,41,"tags=60%, list=6%, signal=57%",CXCL10/GBP5/GBP1/NKG7/GNLY/DEFA3
GO:0141061,disruption of cell in another organism,10,-0.815503862,-2.14220733,5.74E-05,0.001696521,0.001578056,41,"tags=60%, list=6%, signal=57%",CXCL10/GBP5/GBP1/NKG7/GNLY/DEFA3
GO:1901652,response to peptide,96,-0.44979557,-1.917921653,0.000153642,0.00439509,0.00408819,88,"tags=29%, list=12%, signal=30%",ADAR/IFITM2/HSP90AB1/CALR/RIPOR2/ZBP1/THBS1/USP18/TNFAIP3/OASL/CCL5/CXCR4/EIF2AK2/IFITM3/ACSL1/BCL2/MT2A/IL1R2/CXCL10/STAT1/GBP5/GBP1/MX1/IFIT1/IL7R/IFI27/ISG15/IFITM1
GO:0006950,response to stress,257,-0.361905028,-1.676111271,0.000155931,0.00439509,0.00408819,112,"tags=23%, list=15%, signal=30%",CHMP5/HMGB2/S100A9/S100A8/ZNFX1/NMI/HSP90B1/HSP90AA1/HSPA5/RNF213/ADAR/IFITM2/ZC3HAV1/B2M/HSP90AB1/PER1/TXNIP/CALR/ZBP1/CD163/THBS1/USP18/APOBEC3A/TNFAIP3/MYL12A/OASL/CCL5/CXCR4/SMCHD1/HSPA8/EIF2AK2/TRIM22/SERPING1/IFITM3/HERC5/BCL2/MT2A/IL1R2/CXCL10/IFI44L/STAT1/PLAC8/GBP5/GBP1/IFIT2/IFIT3/NKG7/RSAD2/MX1/IFI6/IL32/IFIT1/JCHAIN/GNLY/IL7R/IFI27/DEFA3/ISG15/ISG20/IFITM1
GO:0002449,lymphocyte mediated immunity,31,-0.613954249,-2.175462432,0.000170073,0.004684744,0.004357618,56,"tags=35%, list=8%, signal=34%",HSPA8/CD7/SERPING1/NKG7/IGHV3-11/RSAD2/IL7R/IGHV3-23/IGHV7-4-1/IGKC/IGHV1-18
GO:0019221,cytokine-mediated signaling pathway,46,-0.538880155,-2.062454061,0.000220278,0.005932834,0.005518555,88,"tags=39%, list=12%, signal=37%",ADAR/IFITM2/ZBP1/USP18/TNFAIP3/OASL/CCL5/CXCR4/IFITM3/ACSL1/IL1R2/CXCL10/STAT1/MX1/IL7R/IFI27/ISG15/IFITM1
GO:0019882,antigen processing and presentation,25,0.497323891,2.351601963,0.000243598,0.006418274,0.005970099,82,"tags=44%, list=11%, signal=41%",HLA-DPB1/HLA-DRB1/HLA-DRA/HLA-DPA1/HLA-DQA1/HLA-DQB1/CD74/HLA-DRB5/HLA-DMA/HLA-DMB/CTSS
GO:0002181,cytoplasmic translation,31,0.454417952,2.324996937,0.000274158,0.007069765,0.006576097,420,"tags=100%, list=56%, signal=45%",RPS10/ZNF385A/RPS2/RPS17/RPL23/RPS11/PABPC1/RPL7/RPL13A/EIF3L/EIF3K/RPS28/RPL6/RPL37A/RPL4/RPL26/RPL21/RPLP1/RPS29/RPL34/RPS24/YBX1/RPS21/RPS14/RPL8/RPL31/RPL27A/RPL35A/YBX3/EIF3F/RPS16
GO:0016064,immunoglobulin mediated immune response,15,-0.71136286,-2.115001643,0.000353129,0.008734543,0.008124627,51,"tags=40%, list=7%, signal=38%",SERPING1/IGHV3-11/IGHV3-23/IGHV7-4-1/IGKC/IGHV1-18
GO:0019724,B cell mediated immunity,15,-0.71136286,-2.115001643,0.000353129,0.008734543,0.008124627,51,"tags=40%, list=7%, signal=38%",SERPING1/IGHV3-11/IGHV3-23/IGHV7-4-1/IGKC/IGHV1-18
GO:0071345,cellular response to cytokine stimulus,83,-0.45786226,-1.914822358,0.000456647,0.011069127,0.010296192,88,"tags=31%, list=12%, signal=31%",HSPA5/ADAR/IFITM2/HSP90AB1/RIPOR2/ZBP1/THBS1/USP18/TNFAIP3/OASL/CCL5/CXCR4/IFITM3/ACSL1/MT2A/IL1R2/CXCL10/STAT1/GBP5/GBP1/MX1/IFIT1/IL7R/IFI27/ISG15/IFITM1
GO:0034097,response to cytokine,95,-0.442927559,-1.889301788,0.000493593,0.011730083,0.010910995,88,"tags=28%, list=12%, signal=29%",ADAR/IFITM2/HSP90AB1/RIPOR2/ZBP1/THBS1/USP18/TNFAIP3/OASL/CCL5/CXCR4/EIF2AK2/IFITM3/ACSL1/BCL2/MT2A/IL1R2/CXCL10/STAT1/GBP5/GBP1/MX1/IFIT1/IL7R/IFI27/ISG15/IFITM1
GO:0070374,positive regulation of ERK1 and ERK2 cascade,16,0.537935898,2.160639359,0.001354668,0.031574195,0.029369431,77,"tags=44%, list=10%, signal=40%",HLA-DRB1/CD74/CSF1R/CD4/ARRB1/CD44/CD36
GO:0042742,defense response to bacterium,32,-0.565645969,-2.01918892,0.001508683,0.03450044,0.032091342,111,"tags=44%, list=15%, signal=39%",HMGB2/S100A9/S100A8/ZNFX1/RNF213/B2M/PLAC8/GBP5/GBP1/JCHAIN/GNLY/IL7R/DEFA3/ISG15
GO:0002443,leukocyte mediated immunity,41,-0.527892184,-1.971162093,0.001647999,0.036988417,0.034405588,56,"tags=27%, list=8%, signal=26%",HSPA8/CD7/SERPING1/NKG7/IGHV3-11/RSAD2/IL7R/IGHV3-23/IGHV7-4-1/IGKC/IGHV1-18
GO:0002460,"adaptive immune response based on somatic recombination of immune receptors
 built from immunoglobulin superfamily domains",37,-0.537056763,-1.958849907,0.001897189,0.041807144,0.038887833,66,"tags=32%, list=9%, signal=31%",B2M/TNFAIP3/HSPA8/CD7/SERPING1/IGHV3-11/RSAD2/IL7R/IGHV3-23/IGHV7-4-1/IGKC/IGHV1-18
